Title,date,from,headline,url
안녕하세요. 소작이라고 합니다.,2021.03.30.,소작의 작은시도,안녕하세요. 블로그 주인 소작이라고 합니다. 제 사진 정말 오랜만에 올리죠. 너무너무 반갑습니다. 블로그를 2013년부터인가 시작한거같아요. 나름 이곳을 아시는 분들도... ,https://blog.naver.com/gloria894?Redirect=Log&logNo=222292811382
안녕하세요! 메리츠와 db생명 정기보험비교를 하여 드리겠습니다,2021.02.16.,보험전문가,안녕하세요! 메리츠와 db생명 정기보험비교를 하여 드리겠습니다 안녕하세요 김남일 팀장 인사 드립니다 우리가 종신 상품 하나를 계약할려면 그 비용이 장난이... ,https://blog.naver.com/rhkrxot284?Redirect=Log&logNo=222245995171
"""대표님 안녕하세요 ~ 오랫만이에요 ~ "" (2010년이후로 처음)",2021.03.31.,。shego ˚,"""안녕하세요 ~ 정말 오랫만이네요 ~ "" 하는 말소리에 . 놀래서 의자서 일어났는디 , 반가운 얼굴, 반가운 목소리 ! 그닥 달라지지 않은 모습 ! 그래가 서로 ""어? "" 허곤... ",https://blog.naver.com/shnju212?Redirect=Log&logNo=222293657150
안녕하세요!! 비타민 조언부탁드려요~~,2021.03.18.,QnA 저장소,쿠마님 안녕하세요. 비타민 거의 복용안하고 살다가 결혼하고 남편과 건강관리를 해야할것 같아서 영양제에 관해 찾아보고 있던중에 쿠마님 블로그를 보고... ,https://blog.naver.com/vitakuma?Redirect=Log&logNo=222262906230
홀로서기 심리학 / 부동산법인 대표님들 마음은 안녕하세요?,3일 전,에이알 AR,홀로서기 심리학 / 부동산법인 대표님들 마음은 안녕하세요? 토탁토탁 그래도... 마음은 안녕하세요? . . . 우리 부동산법인 대표자들은. 대부분 혼자 일하죠. 그래서... ,https://blog.naver.com/jiin1983?Redirect=Log&logNo=222311544319
안녕하세요. 취미부자 조이입니다.,2021.03.14.,조이의 이중생활,"조이의 was, is, will be 그리고 서포터즈 활동 이력 안녕하세요. 취미부자 조이입니다. 오늘은 처음 제 블로그에 오시는 분들이 도대체 여긴 뭐 하는 블로그야? 라고... ",https://blog.naver.com/black_odd?Redirect=Log&logNo=222275542666
까꿍 제라씨 안녕하세요^^,2021.03.06.,"시치미떼기, SicimiArtSpace101",벌써 귀여운 떡잎 두 장 스프레이로 물을 뿌려 흙이 씨뿌리 주위를 매꿔 감싸도록 만들고 투명 패트병을 씌워 하우스효과 주면 이제 끝 까꿍 제라씨 안녕하세요^^ 그... ,https://blog.naver.com/sicimi?Redirect=Log&logNo=222266450601
안녕하세요,4일 전,H,안녕하세요 흐림이에요! 흐림이라고 말하는 게 뭔가 이상해요 ㅎㅎ 그동안 유튜브 활동도 중단하고... 주변 친구들이나 지인에게 흐림아!라고 불린 게.. 기억이 안 날... ,https://blog.naver.com/julie9582?Redirect=Log&logNo=222310391646
안녕하세요 뷰티끄엘 언니원장입니다,2021.04.03.,뷰티끄엘마켓,안녕하세요 강원도 춘천 뷰티끄엘 대표원장 이성희입니다 제 본명 보다는 뷰티끄엘 언니원장으로 더 불리우고 있어요 오늘은 제 메인 블로그를 리셋하고 새롭게 2021년... ,https://blog.naver.com/de_beaute?Redirect=Log&logNo=222296715190
[안녕하세요] 깊이 들여다 본 쓸데없는 말의 함축적 의미 ★★★★,2021.03.19.,Safin의 다이어리,"깊이 들여다 본 쓸데없는 말의 함축적 의미 안녕하세요 1959, 94분, 일본 감독 오즈... 들어 안녕하세요, 잘 지내세요, 날씨가 좋네요 등에 대해서 이해하지 못한다. 결국... ",https://blog.naver.com/mrbini80?Redirect=Log&logNo=222280998825
안녕하세요 대구북구칠곡입시미술학원 에그미술학원에서 미술... ,6일 전,대구칠곡입시미술학원 디자인수채화전문 에그미술학원,안녕하세요 대구 북구 칠곡 입시미술학원 에그 미술학원입니다. 이번에도 벚꽃은... 안녕~~~~ (고용노농부 홈페이지에 가시면 더욱더 자세한 내용을 확인할수있습니다.),https://blog.naver.com/dugms97?Redirect=Log&logNo=222309026546
안녕하세요 민간인 이준식 입니다. 군대 전역했습니다.,2021.03.05.,준식쓰 인생살이,민간인 이준식 안녕하세요 여러분 민간인 이준식 입니다. 오늘은 2021년 3월 5일 입니다. 진정한 민간인이 되는 날. 2021년 3월 4일 부로 전역을 명 받았지만! 자정까지는... ,https://blog.naver.com/2junsik?Redirect=Log&logNo=222265414870
안녕하세요.,2021.01.27.,쌀롱드마마,#2021년 새해 인사 #안녕하세요 새해 인사를 하기 무색한 1월 끝자락의 새해 인사.... 외부에서 만나는 게 뭣한 시기이니 후배의 집에서 간단히 와인 타임을 하고 안녕한... ,https://blog.naver.com/kgachae?Redirect=Log&logNo=222221788225
"안녕하세요! 마이쏭, 석초딩, 석봉이입니다:)",2020.12.14.,인생은 놀이터,"안녕하세요, 마이쏭입니다 :) 저의 진짜 이름은 송이입니다. 마이쏭이라는 이름은 몇 년 전 친한 동생과 둘이서 노래를 부르기 위해 만들었던 팀 이름이 '미니쏭(민+송... ",https://blog.naver.com/girinanist?Redirect=Log&logNo=222173211007
안녕하세요. 1번입니다 가볍게 읽고 묵직하게 남다,2021.01.26.,푸름맘스토리,안녕하세요. 1번입니다. 저자 정하 글그림 출판 BOOKK(부크크) 발매 2021.01.06. 안녕하세요. 1번입니다. 이 책은 아주 가볍게 읽을 수 있는 책인데요. 그냥 페이지가 술술... ,https://blog.naver.com/kwonaya506?Redirect=Log&logNo=222221032906
"안녕하세요, 2021년입니다.",2021.01.05.,♪ 김분홍의 달빛 나린 꽃담 ♬,"제 블로그는 프로필 사진만 올리면 이웃분들이 숭덩숭덩 빠져나가요ㅋㅋㅋㅋ 그걸 아는데도 올리는 저는 바보 ~(˘▾˘~) (~˘▾˘)~ 안녕하세요, 2021년입니다.... ",https://blog.naver.com/kimpink9?Redirect=Log&logNo=222196699426
"안녕하세요, 조이에요!",2021.01.04.,Make Brand 브랜드를 만듭니다,"안녕하세요, 조이입니다. 앞 선 글에서 실제로 존재하는지에 대한 궁금증을 일으켰던 사람이에요. 이 전글: ☞ YAAAT의 수석 브랜드 매니져를 소개합니다 일단, 저는... ",https://blog.naver.com/loveon21?Redirect=Log&logNo=222195962003
*공지* 안녕하세요 메가 NSI 박지혜팀장입니다,7일 전,핫한 보험들만 모인 보험핫플,안녕하세요 ^----^ 메가 NSI 박지혜 팀장입니다 보험일을 하게 되면서 처음에는 열정만으로 해냈던거 같아요 ^^ 그 열정으로 이런 저런 일들로 상처도 많이 받기도... ,https://blog.naver.com/wlgp7568?Redirect=Log&logNo=222307053152
조인성 구름 베개 / 아이들과 당신의 목은 안녕하세요?,2021.03.12.,이웃집 쑥덕쑥덕,안녕하세요? 벚꽃스무디입니다 :) 봄이 되니 경직되었던 몸들도 기지개를 켜고 있는 것 같아요. 저는 항상 자세가 중요하다고 생각해서 둘째 아이는 남아인데도... ,https://blog.naver.com/ping0077?Redirect=Log&logNo=222273003161
안녕하세요. WhatT 2기 입니다.,2021.02.19.,달이 비추는 밤,"안녕하세요, WhatT 2기 멤버인 엄지, 레스보스, 태희, 달 밤 입니다. ㄴ 2021.02.12 (금)... -WtacT 2기 팀원 엄지, 레스보스, 태희, 달 밤 ----- 안녕하세요 엄지입니다. 이 밑에... ",https://blog.naver.com/exitkid?Redirect=Log&logNo=222249441491
